name,sku,itemType,unit,categoryId,supplierId,warningLevel,criticalLevel,serialNumber,acquisitionDate,condition,initialQty,batchNo,expiryDate
AV Fistula Needle,CON-AV-FISTULA-NDL,MEDICAL_CONSUMABLE,pcs,cat-consumable-dialysis,,10,5,,,GOOD,0,,
Adenosine (Tachyban) 3mg/ml,MED-ADENOSINE-3MG,MEDICATION,ampule,cat-med-injectable,,10,5,,,GOOD,0,,
Alcohol Swab,CON-ALCOHOL-SWAB,MEDICAL_CONSUMABLE,pcs,cat-consumable,,10,5,,,GOOD,0,,
Ambu-bag,EQP-AMBU-BAG,MEDICAL_EQUIPMENT,pcs,cat-equipment,,10,5,,,GOOD,0,,
Amiodarone (Amioget) 150mg/3ml,MED-AMIODARONE-AMIO-150,MEDICATION,ampule,cat-med-injectable,,10,5,,,GOOD,0,,
Amiodarone (Cordarone) 150mg/3ml,MED-AMIODARONE-CORD-150,MEDICATION,ampule,cat-med-injectable,,10,5,,,GOOD,0,,
Amiodarone (Miorad) 50mg,MED-AMIODARONE-MIOR-50,MEDICATION,ampule,cat-med-injectable,,10,5,,,GOOD,0,,
Amiodarone (Rythma) 150mg/3ml,MED-AMIODARONE-RYTH-150,MEDICATION,ampule,cat-med-injectable,,10,5,,,GOOD,0,,
Amiodarone 150mg/3ml IV,MED-AMIODARONE-IV-150,MEDICATION,ampule,cat-med-injectable,,10,5,,,GOOD,0,,
Amlodipine,MED-AMLODIPINE-GEN,MEDICATION,tab,cat-med-oral,,10,5,,,GOOD,0,,
Amlodipine (Odasyl) 10mg,MED-AMLODIPINE-ODA-10,MEDICATION,tab,cat-med-oral,,10,5,,,GOOD,0,,
Amlodipine (Odasyl) 10mg Tab,MED-AMLODIPINE-ODA-10T,MEDICATION,tab,cat-med-oral,,10,5,,,GOOD,0,,
Amlodipine (Odasyl) 5mg Tab,MED-AMLODIPINE-ODA-5T,MEDICATION,tab,cat-med-oral,,10,5,,,GOOD,0,,
Amlodipine Besilate 10mg,MED-AMLODIPINE-BES-10T,MEDICATION,tab,cat-med-oral,,10,5,,,GOOD,0,,
Amlodipine Besilate 5mg,MED-AMLODIPINE-BES-5T,MEDICATION,tab,cat-med-oral,,10,5,,,GOOD,0,,
Asepto Syringe 50cc,CON-ASEPTO-SYR-50,MEDICAL_CONSUMABLE,pcs,cat-consumable,,10,5,,,GOOD,0,,
Aspirin (Aspilets) 80mg,MED-ASPIRIN-ASP-80,MEDICATION,tab,cat-med-oral,,10,5,,,GOOD,0,,
Aspirin (Philprin) 80mg,MED-ASPIRIN-PHIL-80,MEDICATION,tab,cat-med-oral,,10,5,,,GOOD,0,,
Aspirin 80mg Tab,MED-ASPIRIN-80T,MEDICATION,tab,cat-med-oral,,10,5,,,GOOD,0,,
Atorvastatin (Atorvex) 20mg,MED-ATORVASTATIN-AT-20,MEDICATION,tab,cat-med-oral,,10,5,,,GOOD,0,,
Atropine (Tropin) 1ml/1ml,MED-ATROPINE-TROP-1,MEDICATION,ampule,cat-med-injectable,,10,5,,,GOOD,0,,
Atropine Sulfate (Atrex-CDH) 1ml/ml,MED-ATROPINE-AT-CDH-1,MEDICATION,ampule,cat-med-injectable,,10,5,,,GOOD,0,,
Atropine Sulfate (Atrex-PSH) 1mg/ml,MED-ATROPINE-AT-PSH-1,MEDICATION,ampule,cat-med-injectable,,10,5,,,GOOD,0,,
Atropine Sulfate (Troponin) 1mg/ml,MED-ATROPINE-TROPONIN-1,MEDICATION,ampule,cat-med-injectable,,10,5,,,GOOD,0,,
Bloodlines,CON-BLOODLINES,MEDICAL_CONSUMABLE,pcs,cat-consumable-dialysis,,10,5,,,GOOD,0,,
Bonnet,PPE-BONNET,PPE,pcs,cat-ppe,,10,5,,,GOOD,0,,
Calcium Gluconate (Euromed) 10ml,MED-CALCIUM-GLUC-EURO-10,MEDICATION,ampule,cat-med-injectable,,10,5,,,GOOD,0,,
Calcium Gluconate (Osteofree) 500mg,MED-CALCIUM-GLUC-OST-500,MEDICATION,tab,cat-med-oral,,10,5,,,GOOD,0,,
Calcium Mineral (Ambical),MED-CALCIUM-MIN-AMB,MEDICATION,tab,cat-med-oral,,10,5,,,GOOD,0,,
Cannula Catheter,CON-CANNULA-CATHETER,MEDICAL_CONSUMABLE,pcs,cat-consumable,,10,5,,,GOOD,0,,
Cardiac Patch,CON-CARDIAC-PATCH,MEDICAL_CONSUMABLE,pcs,cat-consumable,,10,5,,,GOOD,0,,
Carvedilol (Carvid) 25mg,MED-CARVEDILOL-CARV-25,MEDICATION,tab,cat-med-oral,,10,5,,,GOOD,0,,
Cidex Solution (OPA),CON-CIDEX-SOL-OPA,MEDICAL_CONSUMABLE,bottle,cat-consumable,,10,5,,,GOOD,0,,
Clonidine (Catapres) 150mcg,MED-CLONIDINE-CAT-150,MEDICATION,tab,cat-med-oral,,10,5,,,GOOD,0,,
Clonidine (Catapres) 75mcg Tab,MED-CLONIDINE-CAT-75T,MEDICATION,tab,cat-med-oral,,10,5,,,GOOD,0,,
Clonidine (Catapres) 75mcg Tablet,MED-CLONIDINE-CAT-75TB,MEDICATION,tab,cat-med-oral,,10,5,,,GOOD,0,,
Clonidine (Clodin) 150mcg,MED-CLONIDINE-CLOD-150,MEDICATION,tab,cat-med-oral,,10,5,,,GOOD,0,,
Clonidine (Clodin) 75mcg,MED-CLONIDINE-CLOD-75,MEDICATION,tab,cat-med-oral,,10,5,,,GOOD,0,,
Clonidine (Clonipress) 150mg,MED-CLONIDINE-CLON-150,MEDICATION,tab,cat-med-oral,,10,5,,,GOOD,0,,
Clonidine (Clonipress) 75mcg,MED-CLONIDINE-CLON-75,MEDICATION,tab,cat-med-oral,,10,5,,,GOOD,0,,
Clonidine (Clonipress) 75mcg Tab,MED-CLONIDINE-CLON-75T,MEDICATION,tab,cat-med-oral,,10,5,,,GOOD,0,,
Clonidine (Ritemed),MED-CLONIDINE-RITE,MEDICATION,tab,cat-med-oral,,10,5,,,GOOD,0,,
Clopidogrel (Clopate) 75mg,MED-CLOPIDOGREL-CLOP-75,MEDICATION,tab,cat-med-oral,,10,5,,,GOOD,0,,
Clopidogrel (Clopegen) 75mg,MED-CLOPIDOGREL-CLOPG-75,MEDICATION,tab,cat-med-oral,,10,5,,,GOOD,0,,
Cotton Balls (1 pack of 4),CON-COTTON-BALLS-P4,MEDICAL_CONSUMABLE,pack,cat-consumable,,10,5,,,GOOD,0,,
Dextrose 50% (D50 Water) 50ml,MED-D50-WATER-50,MEDICATION,ampule,cat-med-injectable,,10,5,,,GOOD,0,,
Dialyzer - Hi Flux (Euro Pacific),CON-DIALYZER-HI-EURO,MEDICAL_CONSUMABLE,pcs,cat-consumable-dialysis,,10,5,,,GOOD,0,,
Dialyzer - Hi-Flux (Nipro),CON-DIALYZER-HI-NIPRO,MEDICAL_CONSUMABLE,pcs,cat-consumable-dialysis,,10,5,,,GOOD,0,,
Dialyzer - Low Flux (Euro Pacific),CON-DIALYZER-LOW-EURO,MEDICAL_CONSUMABLE,pcs,cat-consumable-dialysis,,10,5,,,GOOD,0,,
Diazepam (Valium) 10mg/2ml,MED-DIAZEPAM-VAL-10,MEDICATION,ampule,cat-med-injectable,,10,5,,,GOOD,0,,
Diazepam (Valium) 5mg/ml,MED-DIAZEPAM-VAL-5,MEDICATION,ampule,cat-med-injectable,,10,5,,,GOOD,0,,
Digoxin (Dixin) 250mcg/ml,MED-DIGOXIN-DIX-250,MEDICATION,ampule,cat-med-injectable,,10,5,,,GOOD,0,,
Digoxin (Lanoxin) 0.5mg/2ml,MED-DIGOXIN-LAN-05,MEDICATION,ampule,cat-med-injectable,,10,5,,,GOOD,0,,
Diphenhydramine,MED-DIPHENHYD-GEN,MEDICATION,ampule,cat-med-injectable,,10,5,,,GOOD,0,,
Diphenhydramine (Alleright) 50mg,MED-DIPHENHYD-ALL-50,MEDICATION,ampule,cat-med-injectable,,10,5,,,GOOD,0,,
Diphenhydramine (Benadryl) 25mg,MED-DIPHENHYD-BEN-25,MEDICATION,capsule,cat-med-oral,,10,5,,,GOOD,0,,
Diphenhydramine (Benadryl) 50mg,MED-DIPHENHYD-BEN-50,MEDICATION,capsule,cat-med-oral,,10,5,,,GOOD,0,,
Diphenhydramine (Benadryl) 50mg Cap,MED-DIPHENHYD-BEN-50C,MEDICATION,capsule,cat-med-oral,,10,5,,,GOOD,0,,
Diphenhydramine (Diphenpors) 50mg,MED-DIPHENHYD-DIP-50,MEDICATION,ampule,cat-med-injectable,,10,5,,,GOOD,0,,
Diphenhydramine (Hypen) 50mg,MED-DIPHENHYD-HYP-50,MEDICATION,ampule,cat-med-injectable,,10,5,,,GOOD,0,,
Diphenhydramine (Hypen) 50mg Amp,MED-DIPHENHYD-HYP-50A,MEDICATION,ampule,cat-med-injectable,,10,5,,,GOOD,0,,
Diphenhydramine (Rabaphen) 50mg,MED-DIPHENHYD-RAB-50,MEDICATION,ampule,cat-med-injectable,,10,5,,,GOOD,0,,
Diphenhydramine (Soniphen) 50mg/ml,MED-DIPHENHYD-SON-50,MEDICATION,ampule,cat-med-injectable,,10,5,,,GOOD,0,,
Diphenhydramine-1,MED-DIPHENHYD-1,MEDICATION,ampule,cat-med-injectable,,10,5,,,GOOD,0,,
Disposable Syringe (Terumo) 1cc,CON-SYRINGE-TER-1CC,MEDICAL_CONSUMABLE,pcs,cat-consumable,,10,5,,,GOOD,0,,
Disposable Syringe 10cc,CON-SYRINGE-10CC,MEDICAL_CONSUMABLE,pcs,cat-consumable,,10,5,,,GOOD,0,,
Disposable Syringe 1cc,CON-SYRINGE-1CC,MEDICAL_CONSUMABLE,pcs,cat-consumable,,10,5,,,GOOD,0,,
Disposable Syringe 20cc,CON-SYRINGE-20CC,MEDICAL_CONSUMABLE,pcs,cat-consumable,,10,5,,,GOOD,0,,
Disposable Syringe 3cc,CON-SYRINGE-3CC,MEDICAL_CONSUMABLE,pcs,cat-consumable,,10,5,,,GOOD,0,,
Disposable Syringe 5cc,CON-SYRINGE-5CC,MEDICAL_CONSUMABLE,pcs,cat-consumable,,10,5,,,GOOD,0,,
Dobutamine (Dobumax) 250mg/20ml,MED-DOBUTAMINE-DOB-250,MEDICATION,vial,cat-med-injectable,,10,5,,,GOOD,0,,
Dobutamine (Dobuzef) 250mg/5ml,MED-DOBUTAMINE-DOBU-250,MEDICATION,ampule,cat-med-injectable,,10,5,,,GOOD,0,,
Dobutamine 50mg/ml 5ml,MED-DOBUTAMINE-INF-50,MEDICATION,vial,cat-med-injectable,,10,5,,,GOOD,0,,
Dopamine (Dopamax) 40mg/ml,MED-DOPAMINE-DOP-40,MEDICATION,ampule,cat-med-injectable,,10,5,,,GOOD,0,,
Dopamine (Gopamin) 40mg/ml,MED-DOPAMINE-GOP-40,MEDICATION,ampule,cat-med-injectable,,10,5,,,GOOD,0,,
ECG Electrode,CON-ECG-ELECTRODE,MEDICAL_CONSUMABLE,pcs,cat-consumable,,10,5,,,GOOD,0,,
ECG Paper 80mm x 20m,CON-ECG-PAPER-80X20,MEDICAL_CONSUMABLE,roll,cat-consumable,,10,5,,,GOOD,0,,
Endotracheal Tube 6.5 with balloon,CON-ET-TUBE-65,MEDICAL_CONSUMABLE,pcs,cat-consumable,,10,5,,,GOOD,0,,
Endotracheal Tube 7.0,CON-ET-TUBE-70,MEDICAL_CONSUMABLE,pcs,cat-consumable,,10,5,,,GOOD,0,,
Endotracheal Tube 8.0,CON-ET-TUBE-80,MEDICAL_CONSUMABLE,pcs,cat-consumable,,10,5,,,GOOD,0,,
Epinephrine (Adrenalin) 1ml,MED-EPINEPHRINE-ADR-1,MEDICATION,ampule,cat-med-injectable,,10,5,,,GOOD,0,,
Epinephrine HCL (Epicare) 1mg/ml,MED-EPINEPHRINE-EPI-1,MEDICATION,ampule,cat-med-injectable,,10,5,,,GOOD,0,,
Epinephrine HCL (Epimeds) 1mg/ml,MED-EPINEPHRINE-EPM-1,MEDICATION,ampule,cat-med-injectable,,10,5,,,GOOD,0,,
Erythropoietin Alfa (Epokine) 2000iu,MED-EPOETIN-EPOK-2000,MEDICATION,vial,cat-med-injectable,,10,5,,,GOOD,0,,
Erythropoietin Alfa (Epokine) 4000iu,MED-EPOETIN-EPOK-4000,MEDICATION,vial,cat-med-injectable,,10,5,,,GOOD,0,,
Erythropoietin Alfa (Epokine) 6000iu,MED-EPOETIN-EPOK-6000,MEDICATION,vial,cat-med-injectable,,10,5,,,GOOD,0,,
Erythropoietin Alfa (Eposino) 4000iu,MED-EPOETIN-EPOS-4000,MEDICATION,vial,cat-med-injectable,,10,5,,,GOOD,0,,
Erythropoietin Alfa (Eposino) 6000iu,MED-EPOETIN-EPOS-6000,MEDICATION,vial,cat-med-injectable,,10,5,,,GOOD,0,,
Febuxostat (Febuxipro),MED-FEBUXOSTAT-FEB,MEDICATION,tab,cat-med-oral,,10,5,,,GOOD,0,,
Febuxostat 40mg,MED-FEBUXOSTAT-40,MEDICATION,tab,cat-med-oral,,10,5,,,GOOD,0,,
Ferrous Sulfate + Folic Acid,MED-FERROUS-FOLIC,MEDICATION,tab,cat-med-oral,,10,5,,,GOOD,0,,
Flu Vaccine Quadrivalent,MED-FLU-VACC-QUAD,MEDICATION,vial,cat-med-injectable,,10,5,,,GOOD,0,,
Furosemide (Lasix),MED-FUROSEMIDE-LASIX,MEDICATION,ampule,cat-med-injectable,,10,5,,,GOOD,0,,
Furosemide (Lazimed) 20mg,MED-FUROSEMIDE-LAZ-20,MEDICATION,ampule,cat-med-injectable,,10,5,,,GOOD,0,,
Furosemide (RM Frusema) 40mg,MED-FUROSEMIDE-RM-40,MEDICATION,tab,cat-med-oral,,10,5,,,GOOD,0,,
Furosemide (Siti-furose) 20mg/ml,MED-FUROSEMIDE-SITI-20,MEDICATION,ampule,cat-med-injectable,,10,5,,,GOOD,0,,
Gauze Pad - Sterile,CON-GAUZE-PAD-STERILE,MEDICAL_CONSUMABLE,pcs,cat-consumable-wound,,10,5,,,GOOD,0,,
Gentamicin (Genta Care) 80mg,MED-GENTAMICIN-GC-80,MEDICATION,ampule,cat-med-injectable,,10,5,,,GOOD,0,,
Gentamicin (Gentam) 80mg/2ml,MED-GENTAMICIN-GNT-80,MEDICATION,ampule,cat-med-injectable,,10,5,,,GOOD,0,,
Gentamicin (Gentavest) 80mg,MED-GENTAMICIN-GV-80,MEDICATION,ampule,cat-med-injectable,,10,5,,,GOOD,0,,
Gentamicin 40mg Ampule,MED-GENTAMICIN-40A,MEDICATION,ampule,cat-med-injectable,,10,5,,,GOOD,0,,
Gentamicin 80mg Amp,MED-GENTAMICIN-80A,MEDICATION,ampule,cat-med-injectable,,10,5,,,GOOD,0,,
Haloperidol (Seredol) 5mg,MED-HALOPERIDOL-SER-5,MEDICATION,tab,cat-med-oral,,10,5,,,GOOD,0,,
Hep B Vaccine Recombinant (Amvax B),MED-HEPB-VACC-AMV,MEDICATION,vial,cat-med-injectable,,10,5,,,GOOD,0,,
Hepa B Vaccine,MED-HEPA-B-VACC,MEDICATION,vial,cat-med-injectable,,10,5,,,GOOD,0,,
Heparin,MED-HEPARIN-GEN,MEDICATION,vial,cat-med-injectable,,10,5,,,GOOD,0,,
Hydrite Sachet,CON-HYDRITE-SACHET,MEDICAL_CONSUMABLE,sachet,cat-consumable,,10,5,,,GOOD,0,,
Hydrocortisone,MED-HYDROCORT-GEN,MEDICATION,vial,cat-med-injectable,,10,5,,,GOOD,0,,
Hydrocortisone (Cortirex) 100mg,MED-HYDROCORT-CRT-100,MEDICATION,vial,cat-med-injectable,,10,5,,,GOOD,0,,
Hydrocortisone (Gortizone) 100mg,MED-HYDROCORT-GOR-100,MEDICATION,vial,cat-med-injectable,,10,5,,,GOOD,0,,
Hydrocortisone (Hydrocortibas) 100mg,MED-HYDROCORT-HDB-100,MEDICATION,vial,cat-med-injectable,,10,5,,,GOOD,0,,
Hydrocortisone (Lycortis) 100mg,MED-HYDROCORT-LYC-100,MEDICATION,vial,cat-med-injectable,,10,5,,,GOOD,0,,
Hydrocortisone (Solu-Cortef) 100mg,MED-HYDROCORT-SOL-100,MEDICATION,vial,cat-med-injectable,,10,5,,,GOOD,0,,
Hydrocortisone (Solu-cortef) 100mg vial,MED-HYDROCORT-SOLC-100,MEDICATION,vial,cat-med-injectable,,10,5,,,GOOD,0,,
Hydrocortisone (Stericort) 100mg,MED-HYDROCORT-STR-100,MEDICATION,vial,cat-med-injectable,,10,5,,,GOOD,0,,
Hydrocortisone (temp),MED-HYDROCORT-TEMP,MEDICATION,vial,cat-med-injectable,,10,5,,,GOOD,0,,
Hyoscine (Eurozine),MED-HYOSCINE-EUR,MEDICATION,ampule,cat-med-injectable,,10,5,,,GOOD,0,,
Hyoscine (Hyosaph) 20mg,MED-HYOSCINE-HYO-20,MEDICATION,ampule,cat-med-injectable,,10,5,,,GOOD,0,,
Hyoscine (Spasbascine),MED-HYOSCINE-SPB,MEDICATION,ampule,cat-med-injectable,,10,5,,,GOOD,0,,
Hyoscine (Spasbascine) 20mg,MED-HYOSCINE-SPB-20,MEDICATION,ampule,cat-med-injectable,,10,5,,,GOOD,0,,
Hyoscine (Spasmosan) 20mg,MED-HYOSCINE-SPS-20A,MEDICATION,ampule,cat-med-injectable,,10,5,,,GOOD,0,,
Hyoscine (Spasmosan) 20mg Ampule,MED-HYOSCINE-SPS-20,MEDICATION,ampule,cat-med-injectable,,10,5,,,GOOD,0,,
Hyoscine Butylbromide (Myomide) 20ml,MED-HYOSCINE-MYO-20,MEDICATION,vial,cat-med-injectable,,10,5,,,GOOD,0,,
IH - Transparent Medical Tape,CON-IH-TAPE,MEDICAL_CONSUMABLE,roll,cat-consumable,,10,5,,,GOOD,0,,
IV Catheter 18 (Venlof),CON-IVC-VENLOF-18,MEDICAL_CONSUMABLE,pcs,cat-consumable,,10,5,,,GOOD,0,,
IV Catheter G16,CON-IVC-G16,MEDICAL_CONSUMABLE,pcs,cat-consumable,,10,5,,,GOOD,0,,
IV Catheter G18,CON-IVC-G18,MEDICAL_CONSUMABLE,pcs,cat-consumable,,10,5,,,GOOD,0,,
IV Catheter G20,CON-IVC-G20,MEDICAL_CONSUMABLE,pcs,cat-consumable,,10,5,,,GOOD,0,,
IV Catheter G20 (Simplex),CON-IVC-G20-SMP,MEDICAL_CONSUMABLE,pcs,cat-consumable,,10,5,,,GOOD,0,,
IV Catheter G22,CON-IVC-G22,MEDICAL_CONSUMABLE,pcs,cat-consumable,,10,5,,,GOOD,0,,
IV Catheter G22 (Simplex),CON-IVC-G22-SMP,MEDICAL_CONSUMABLE,pcs,cat-consumable,,10,5,,,GOOD,0,,
IV Catheter G24 (Simplex),CON-IVC-G24-SMP,MEDICAL_CONSUMABLE,pcs,cat-consumable,,10,5,,,GOOD,0,,
IV Needle Gauge 18,CON-IVN-G18,MEDICAL_CONSUMABLE,pcs,cat-consumable,,10,5,,,GOOD,0,,
IV Needle Gauge 20,CON-IVN-G20,MEDICAL_CONSUMABLE,pcs,cat-consumable,,10,5,,,GOOD,0,,
IVF D5 0.3% NaCl (Euromed) 500ml,CON-IVF-D5-03-EURO-500,MEDICAL_CONSUMABLE,bottle,cat-consumable,,10,5,,,GOOD,0,,
IVF D5 LR (Euromed) 1L,CON-IVF-D5-LR-EURO-1L,MEDICAL_CONSUMABLE,bottle,cat-consumable,,10,5,,,GOOD,0,,
IVF D5 NM (Euromed) 500ml,CON-IVF-D5-NM-EURO-500,MEDICAL_CONSUMABLE,bottle,cat-consumable,,10,5,,,GOOD,0,,
IVF D5 NSS (Euromed) 1L,CON-IVF-D5-NSS-EURO-1L,MEDICAL_CONSUMABLE,bottle,cat-consumable,,10,5,,,GOOD,0,,
IVF D5 Water (Euromed) 500ml,CON-IVF-D5-W-EURO-500,MEDICAL_CONSUMABLE,bottle,cat-consumable,,10,5,,,GOOD,0,,
IVF D5 Water Glass (Euromed) 250ml,CON-IVF-D5-W-EURO-250G,MEDICAL_CONSUMABLE,bottle,cat-consumable,,10,5,,,GOOD,0,,
IVF D50 Water Polyamp 50ml,MED-IVF-D50-POLY-50,MEDICATION,ampule,cat-med-injectable,,10,5,,,GOOD,0,,
Ipratropium Bromide (Combivent),MED-IPRATROPIUM-COMB,MEDICATION,nebule,cat-med-injectable,,10,5,,,GOOD,0,,
Iron (Ferricore),MED-IRON-FERRICORE,MEDICATION,tab,cat-med-oral,,10,5,,,GOOD,0,,
Iron Bliron,MED-IRON-BLIRON,MEDICATION,ampule,cat-med-injectable,,10,5,,,GOOD,0,,
Iron Sucrose (Ferogen) 20mg/ml,MED-IRON-SUCR-FER-20,MEDICATION,ampule,cat-med-injectable,,10,5,,,GOOD,0,,
Iron Sucrose (Ironova) 20mg/ml,MED-IRON-SUCR-IRN-20,MEDICATION,ampule,cat-med-injectable,,10,5,,,GOOD,0,,
Iron Sucrose (Mesopen),MED-IRON-SUCR-MESO,MEDICATION,ampule,cat-med-injectable,,10,5,,,GOOD,0,,
Iron Sucrose (Porsrose) 20mg/ml,MED-IRON-SUCR-POR-20,MEDICATION,ampule,cat-med-injectable,,10,5,,,GOOD,0,,
Isosorbide Dinitrate (Isordil) 5mg SL,MED-ISOSORBIDE-ISO-5,MEDICATION,tab,cat-med-oral,,10,5,,,GOOD,0,,
Keto Analogue (Kessen),MED-KETO-ANALOGUE-KES,MEDICATION,tab,cat-med-oral,,10,5,,,GOOD,0,,
Laryngeal Mask Airway,CON-LARYNGEAL-MASK,MEDICAL_CONSUMABLE,pcs,cat-consumable,,10,5,,,GOOD,0,,
Lidocaine (Euromed) 2% 5ml,MED-LIDOCAINE-EURO-2-5,MEDICATION,ampule,cat-med-injectable,,10,5,,,GOOD,0,,
Lidocaine 2% 50ml,MED-LIDOCAINE-2-50,MEDICATION,vial,cat-med-injectable,,10,5,,,GOOD,0,,
Linagliptin (Trajenta) 5mg,MED-LINAGLIPTIN-TRA-5,MEDICATION,tab,cat-med-oral,,10,5,,,GOOD,0,,
Losartan,MED-LOSARTAN-GEN,MEDICATION,tab,cat-med-oral,,10,5,,,GOOD,0,,
Losartan (Retasart) 50mg,MED-LOSARTAN-RET-50,MEDICATION,tab,cat-med-oral,,10,5,,,GOOD,0,,
Lubricating Jelly 3g,CON-LUBR-JELLY-3G,MEDICAL_CONSUMABLE,sachet,cat-consumable,,10,5,,,GOOD,0,,
Lubricating Jelly 5g,CON-LUBR-JELLY-5G,MEDICAL_CONSUMABLE,sachet,cat-consumable,,10,5,,,GOOD,0,,
Macro Infusion Set,CON-MACRO-INF-SET,MEDICAL_CONSUMABLE,pcs,cat-consumable,,10,5,,,GOOD,0,,
Macro Infusion Set - Inventory,CON-MACRO-INF-SET-INV,MEDICAL_CONSUMABLE,pcs,cat-consumable,,10,5,,,GOOD,0,,
Magnesium Sulfate 25% 20ml,MED-MAGNESIUM-SULF-20,MEDICATION,vial,cat-med-injectable,,10,5,,,GOOD,0,,
Mannitol (Euromed),MED-MANNITOL-EURO,MEDICATION,bottle,cat-med-injectable,,10,5,,,GOOD,0,,
Mannitol (Hemostan) 500mg,MED-MANNITOL-HEM-500,MEDICATION,ampule,cat-med-injectable,,10,5,,,GOOD,0,,
Manual Resuscitator Silicon (Adult),EQP-MANUAL-RESUS-ADULT,MEDICAL_EQUIPMENT,pcs,cat-equipment,,10,5,,,GOOD,0,,
Mefenamic Acid (Megyxan) 500mg,MED-MEFENAMIC-MEG-500,MEDICATION,tab,cat-med-oral,,10,5,,,GOOD,0,,
Mefenamic Acid (Remef) 500mg,MED-MEFENAMIC-REM-500,MEDICATION,capsule,cat-med-oral,,10,5,,,GOOD,0,,
Mefenamic Acid (Ritemed),MED-MEFENAMIC-RITE,MEDICATION,tab,cat-med-oral,,10,5,,,GOOD,0,,
Methylprednisolone (Medrol) 4mg,MED-METHYLPRED-MED-4,MEDICATION,tab,cat-med-oral,,10,5,,,GOOD,0,,
Metoclopramide (Meclop) 10mg,MED-METOCLOPRAMIDE-MEC-10,MEDICATION,ampule,cat-med-injectable,,10,5,,,GOOD,0,,
Metoclopramide (Metoclon) 10mg,MED-METOCLOPRAMIDE-MTCN-10,MEDICATION,ampule,cat-med-injectable,,10,5,,,GOOD,0,,
Metoclopramide (Metoclosil) 10mg,MED-METOCLOPRAMIDE-MTC-10,MEDICATION,ampule,cat-med-injectable,,10,5,,,GOOD,0,,
Metoclopramide (Plasil),MED-METOCLOPRAMIDE-PLS,MEDICATION,ampule,cat-med-injectable,,10,5,,,GOOD,0,,
Metoclopramide (Plasil) 10mg,MED-METOCLOPRAMIDE-PLS-10,MEDICATION,tab,cat-med-oral,,10,5,,,GOOD,0,,
Metoclopramide (Plazimide) 10mg,MED-METOCLOPRAMIDE-PLZ-10,MEDICATION,ampule,cat-med-injectable,,10,5,,,GOOD,0,,
Metoclopramide (Plazimide) 5mg,MED-METOCLOPRAMIDE-PLZ-5,MEDICATION,tab,cat-med-oral,,10,5,,,GOOD,0,,
Metoprolol (Neobloc) 50mg,MED-METOPROLOL-NEO-50,MEDICATION,tab,cat-med-oral,,10,5,,,GOOD,0,,
Metoprolol (Prolol) 50mg,MED-METOPROLOL-PRO-50,MEDICATION,tab,cat-med-oral,,10,5,,,GOOD,0,,
Micropore Tape (1 inch),CON-MICROPORE-TAPE-1,MEDICAL_CONSUMABLE,roll,cat-consumable,,10,5,,,GOOD,0,,
Multivitamins + Iron (Foralivit),MED-MULTIVIT-FOR-CAP,MEDICATION,capsule,cat-med-oral,,10,5,,,GOOD,0,,
NGT Non-Silicone F12,CON-NGT-F12,MEDICAL_CONSUMABLE,pcs,cat-consumable,,10,5,,,GOOD,0,,
Nebulizer Mask (Adult),CON-NEBULIZER-MASK-AD,MEDICAL_CONSUMABLE,pcs,cat-consumable,,10,5,,,GOOD,0,,
Nebulizing Kit,CON-NEBULIZING-KIT,MEDICAL_CONSUMABLE,pcs,cat-consumable,,10,5,,,GOOD,0,,
Nicardipine (Agynapin) 10mg,MED-NICARDIPINE-AGY-10,MEDICATION,ampule,cat-med-injectable,,10,5,,,GOOD,0,,
Nicardipine (Cardiphil) 10ml,MED-NICARDIPINE-CRD-10,MEDICATION,vial,cat-med-injectable,,10,5,,,GOOD,0,,
Norepinephrine (Norbit) 1mg/ml 10ml,MED-NOREPINEPHRINE-NRB-10,MEDICATION,vial,cat-med-injectable,,10,5,,,GOOD,0,,
Norepinephrine (Norepin) 1mg/ml 10ml,MED-NOREPINEPHRINE-NOR-10,MEDICATION,vial,cat-med-injectable,,10,5,,,GOOD,0,,
Norepinephrine (Norepin) 2ml,MED-NOREPINEPHRINE-NOR-2,MEDICATION,ampule,cat-med-injectable,,10,5,,,GOOD,0,,
Norepinephrine (Norepinsaph) 10mg,MED-NOREPINEPHRINE-NPS-10,MEDICATION,ampule,cat-med-injectable,,10,5,,,GOOD,0,,
Norepinephrine (Norepinsaph) 4mg,MED-NOREPINEPHRINE-NPS-4,MEDICATION,ampule,cat-med-injectable,,10,5,,,GOOD,0,,
Norepinephrine (Philnor) 4ml,MED-NOREPINEPHRINE-PHL-4,MEDICATION,ampule,cat-med-injectable,,10,5,,,GOOD,0,,
Omeprazole (Oprex) 40mg,MED-OMEPRAZOLE-OPR-40,MEDICATION,vial,cat-med-injectable,,10,5,,,GOOD,0,,
Omeprazole (Philrazo) 40mg,MED-OMEPRAZOLE-PHL-40,MEDICATION,vial,cat-med-injectable,,10,5,,,GOOD,0,,
Oral Airway 00,CON-ORAL-AIRWAY-00,MEDICAL_CONSUMABLE,pcs,cat-consumable,,10,5,,,GOOD,0,,
Oral Airway Size 3,CON-ORAL-AIRWAY-S3,MEDICAL_CONSUMABLE,pcs,cat-consumable,,10,5,,,GOOD,0,,
Oral Airway Size 4,CON-ORAL-AIRWAY-S4,MEDICAL_CONSUMABLE,pcs,cat-consumable,,10,5,,,GOOD,0,,
Oxygen Mask with Tube,CON-OXYGEN-MASK-TUBE,MEDICAL_CONSUMABLE,pcs,cat-consumable,,10,5,,,GOOD,0,,
Oxygen Nasal Cannula,CON-OXYGEN-CANNULA,MEDICAL_CONSUMABLE,pcs,cat-consumable,,10,5,,,GOOD,0,,
Oxygen Non-rebreather Mask,CON-OXYGEN-NR-MASK,MEDICAL_CONSUMABLE,pcs,cat-consumable,,10,5,,,GOOD,0,,
Pantoprazole (Mac-Panto),MED-PANTOPRAZOLE-MAC,MEDICATION,vial,cat-med-injectable,,10,5,,,GOOD,0,,
Pantoprazole (Pantokem) 40mg,MED-PANTOPRAZOLE-PK-40,MEDICATION,vial,cat-med-injectable,,10,5,,,GOOD,0,,
Paracetamol (Acelife) 150mg/ml,MED-PARACETAMOL-ACE-150,MEDICATION,ampule,cat-med-injectable,,10,5,,,GOOD,0,,
Paracetamol (Amadol) 300mg,MED-PARACETAMOL-AMD-300,MEDICATION,ampule,cat-med-injectable,,10,5,,,GOOD,0,,
Paracetamol (Amcetam) 300mg,MED-PARACETAMOL-AMC-300,MEDICATION,ampule,cat-med-injectable,,10,5,,,GOOD,0,,
Paracetamol (Angesic) 300mg,MED-PARACETAMOL-ANG-300,MEDICATION,ampule,cat-med-injectable,,10,5,,,GOOD,0,,
Paracetamol (Biogesic) 500mg,MED-PARACETAMOL-BIO-500,MEDICATION,tab,cat-med-oral,,10,5,,,GOOD,0,,
Paracetamol (Feverbles) 300mg,MED-PARACETAMOL-FEV-300,MEDICATION,ampule,cat-med-injectable,,10,5,,,GOOD,0,,
Paracetamol (Myremol) 500mg,MED-PARACETAMOL-MYR-500,MEDICATION,tab,cat-med-oral,,10,5,,,GOOD,0,,
Paracetamol (Nanalgesic) 300mg/ml,MED-PARACETAMOL-NAN-300,MEDICATION,ampule,cat-med-injectable,,10,5,,,GOOD,0,,
Paracetamol (Naprex) 150mg/2ml,MED-PARACETAMOL-NPR-150,MEDICATION,ampule,cat-med-injectable,,10,5,,,GOOD,0,,
Paracetamol (Partemp) 300mg/ml,MED-PARACETAMOL-PRT-300,MEDICATION,ampule,cat-med-injectable,,10,5,,,GOOD,0,,
Paracetamol (Porfever) 150mg/1ml,MED-PARACETAMOL-POR-150,MEDICATION,ampule,cat-med-injectable,,10,5,,,GOOD,0,,
Paracetamol 300mg Ampule,MED-PARACETAMOL-300A,MEDICATION,ampule,cat-med-injectable,,10,5,,,GOOD,0,,
Phenobarbital (Phenobar) 60mg,MED-PHENOBARBITAL-60,MEDICATION,tab,cat-med-oral,,10,5,,,GOOD,0,,
Plain NSS (Euro Pacific) 1000ml,CON-PLAIN-NSS-EURO-1L,MEDICAL_CONSUMABLE,bottle,cat-consumable,,10,5,,,GOOD,0,,
Plain NSS 100ml,CON-PLAIN-NSS-100,MEDICAL_CONSUMABLE,bottle,cat-consumable,,10,5,,,GOOD,0,,
Plain NSS 50ml,CON-PLAIN-NSS-50,MEDICAL_CONSUMABLE,bottle,cat-consumable,,10,5,,,GOOD,0,,
Pneumo 23 Vaccine,MED-PNEUMO-23-VACC,MEDICATION,vial,cat-med-injectable,,10,5,,,GOOD,0,,
Pneumococcal Vaccine (Prev 13),MED-PNEUMO-PREV-13,MEDICATION,vial,cat-med-injectable,,10,5,,,GOOD,0,,
Potassium Chloride (Euromed) 2mEq/ml 5ml,MED-POTASSIUM-EURO-2-5,MEDICATION,vial,cat-med-injectable,,10,5,,,GOOD,0,,
Potassium Chloride (Euromed) 40mEq,MED-POTASSIUM-EURO-40,MEDICATION,vial,cat-med-injectable,,10,5,,,GOOD,0,,
Potassium Chloride (Generic) 2mg/20ml,MED-POTASSIUM-GEN-2-20,MEDICATION,vial,cat-med-injectable,,10,5,,,GOOD,0,,
Potassium Chloride 2mg,MED-POTASSIUM-2-VIAL,MEDICATION,vial,cat-med-injectable,,10,5,,,GOOD,0,,
Potassium Chloride Polyamp 10ml/20ml,MED-POTASSIUM-POLY-10-20,MEDICATION,ampule,cat-med-injectable,,10,5,,,GOOD,0,,
Ranitidine (Ranitein) 150mg,MED-RANITIDINE-RAN-150,MEDICATION,tab,cat-med-oral,,10,5,,,GOOD,0,,
Recormon 5000,MED-RECORMON-5000,MEDICATION,vial,cat-med-injectable,,10,5,,,GOOD,0,,
Salbutamol (Hivent) 1mg/ml,MED-SALBUTAMOL-HIV-1,MEDICATION,nebule,cat-med-injectable,,10,5,,,GOOD,0,,
Salbutamol (Ventolin),MED-SALBUTAMOL-VTN,MEDICATION,nebule,cat-med-injectable,,10,5,,,GOOD,0,,
Salbutamol + Ipratropium (Duavent),MED-SALBUTAMOL-IPRA-DUA,MEDICATION,nebule,cat-med-injectable,,10,5,,,GOOD,0,,
Salbutamol + Ipratropium (Hivent Plus),MED-SALBUTAMOL-IPRA-HIV,MEDICATION,nebule,cat-med-injectable,,10,5,,,GOOD,0,,
Salbutamol + Ipratropium (Multivent) 2.5mg/500mcg,MED-SALBUTAMOL-IPRA-MUL,MEDICATION,nebule,cat-med-injectable,,10,5,,,GOOD,0,,
Salbutamol + Ipratropium (Relaxsaph),MED-SALBUTAMOL-IPRA-RLX,MEDICATION,nebule,cat-med-injectable,,10,5,,,GOOD,0,,
Salbutamol + Ipratropium (Sapilum),MED-SALBUTAMOL-IPRA-SAP,MEDICATION,nebule,cat-med-injectable,,10,5,,,GOOD,0,,
Salbutamol + Ipratropium (Ventolin),MED-SALBUTAMOL-IPRA-VTN,MEDICATION,nebule,cat-med-injectable,,10,5,,,GOOD,0,,
Sevelamer (Sefos) 800mg,MED-SEVELAMER-SEF-800,MEDICATION,tab,cat-med-oral,,10,5,,,GOOD,0,,
Sodium Bicarbonate (Sodulane) 20ml,MED-SODIUM-BIC-SOD-20,MEDICATION,ampule,cat-med-injectable,,10,5,,,GOOD,0,,
Sodium Bicarbonate (Solunate) 20ml,MED-SODIUM-BIC-SOL-20,MEDICATION,ampule,cat-med-injectable,,10,5,,,GOOD,0,,
Solu Set,CON-SOLU-SET,MEDICAL_CONSUMABLE,pcs,cat-consumable,,10,5,,,GOOD,0,,
Soluset,CON-SOLU-SET-INV,MEDICAL_CONSUMABLE,pcs,cat-consumable,,10,5,,,GOOD,0,,
Sterile Gloves,PPE-STERILE-GLOVES,PPE,pair,cat-ppe-gloves,,10,5,,,GOOD,0,,
Suction Catheter F10,CON-SUCTION-CATH-F10,MEDICAL_CONSUMABLE,pcs,cat-consumable,,10,5,,,GOOD,0,,
Suction Catheter F14,CON-SUCTION-CATH-F14,MEDICAL_CONSUMABLE,pcs,cat-consumable,,10,5,,,GOOD,0,,
Suction Tube,CON-SUCTION-TUBE,MEDICAL_CONSUMABLE,pcs,cat-consumable,,10,5,,,GOOD,0,,
Suture - Silk 3/0 Round,CON-SUTURE-SILK-30,MEDICAL_CONSUMABLE,pcs,cat-consumable-wound,,10,5,,,GOOD,0,,
Telmisartan (Mistel) 40mg,MED-TELMISARTAN-MIS-40,MEDICATION,tab,cat-med-oral,,10,5,,,GOOD,0,,
Telmisartan (Mistel) 80mg,MED-TELMISARTAN-MIS-80,MEDICATION,tab,cat-med-oral,,10,5,,,GOOD,0,,
Telmisartan (Telcor) 80mg,MED-TELMISARTAN-TLC-80,MEDICATION,tab,cat-med-oral,,10,5,,,GOOD,0,,
Terbutaline Sulfate (Bricalin),MED-TERBUTALINE-BRC,MEDICATION,ampule,cat-med-injectable,,10,5,,,GOOD,0,,
Tongue Depressor,CON-TONGUE-DEPRESSOR,MEDICAL_CONSUMABLE,pcs,cat-consumable,,10,5,,,GOOD,0,,
Tramadol (Ambidol) 50mg,MED-TRAMADOL-AMB-50,MEDICATION,ampule,cat-med-injectable,,10,5,,,GOOD,0,,
Tramadol (Opiodex) 50mg,MED-TRAMADOL-OPD-50,MEDICATION,ampule,cat-med-injectable,,10,5,,,GOOD,0,,
Tramadol (Tramal) 500mg/ml,MED-TRAMADOL-TRM-500,MEDICATION,ampule,cat-med-injectable,,10,5,,,GOOD,0,,
Tramadol (Tramal) 50mg,MED-TRAMADOL-TRM-50,MEDICATION,capsule,cat-med-oral,,10,5,,,GOOD,0,,
Tramadol (Tramide) 50mg,MED-TRAMADOL-TRD-50,MEDICATION,ampule,cat-med-injectable,,10,5,,,GOOD,0,,
Tranexamic Acid (Hemostat) 500mg,MED-TRANEXAMIC-HMS-500,MEDICATION,ampule,cat-med-injectable,,10,5,,,GOOD,0,,
Tranexamic Acid (XED) 500mg,MED-TRANEXAMIC-XED-500,MEDICATION,ampule,cat-med-injectable,,10,5,,,GOOD,0,,
Trimetazidine 35mg,MED-TRIMETAZIDINE-35,MEDICATION,tab,cat-med-oral,,10,5,,,GOOD,0,,
Vancomycin (Afreevanco) 1g,MED-VANCOMYCIN-AFR-1G,MEDICATION,vial,cat-med-injectable,,10,5,,,GOOD,0,,
Vancomycin (Eurovan) 500mg,MED-VANCOMYCIN-ERV-500,MEDICATION,vial,cat-med-injectable,,10,5,,,GOOD,0,,
Vancomycin (Nycovan) 500mg,MED-VANCOMYCIN-NYC-500,MEDICATION,vial,cat-med-injectable,,10,5,,,GOOD,0,,
Vancomycin (Vancojor) 1g,MED-VANCOMYCIN-VNJ-1G,MEDICATION,vial,cat-med-injectable,,10,5,,,GOOD,0,,
Vancomycin (Vancojor) 500mg,MED-VANCOMYCIN-VNJ-500,MEDICATION,vial,cat-med-injectable,,10,5,,,GOOD,0,,
Vancomycin (Vaxcicin) 500mg,MED-VANCOMYCIN-VXC-500,MEDICATION,vial,cat-med-injectable,,10,5,,,GOOD,0,,